order_gk,weekday_key,hour_key,distance_km,offer_class_group,driver_response
412,7,23,53.114,Premium,1
436,3,10,5.781,Delivery,1
1327,6,19,16.200,Delivery,0
2013,2,2,13.732,Delivery,0
2241,6,3,20.436,Premium,1
2601,4,8,46.301,Premium,0
2710,4,19,2.142,Comfort,1
2911,7,11,42.588,Premium,1
2948,6,23,67.540,Premium,1
3013,2,16,33.417,Delivery,1
3661,7,5,13.394,Premium,1
3845,3,7,83.830,Economy,0
4033,6,10,13.143,Premium,1
4957,3,22,14.239,Economy,1
5150,5,3,4.334,Economy,0
6635,7,10,10.889,Comfort,1
7277,4,12,28.825,Comfort,1
7351,4,2,17.281,Comfort,0
8597,2,13,31.879,Premium,1
8718,4,2,5.087,Delivery,0
8758,4,17,26.413,Economy,1
8985,3,23,21.296,Economy,1
9079,4,1,5.524,Delivery,0
9088,1,18,4.126,Comfort,0
9095,7,17,43.776,Economy,0
9314,3,2,39.518,Comfort,1
10795,3,6,12.270,Premium,1
11565,3,8,20.609,Delivery,1
12805,6,18,8.467,Comfort,1
13123,5,4,29.660,Delivery,0
13249,1,1,24.973,Premium,1
13384,3,4,35.864,Comfort,1
13741,4,4,15.110,Comfort,1
13922,2,16,17.203,Comfort,1
14252,7,15,4.080,Premium,1
14585,6,15,11.343,Comfort,0
14999,5,6,7.071,Delivery,1
15046,5,11,38.896,Premium,1
15808,5,3,12.420,Delivery,0
17641,1,11,27.127,Comfort,0
17832,2,16,3.852,Premium,1
18489,5,22,14.096,Comfort,0
18666,2,13,33.455,Economy,0
18798,3,1,14.082,Premium,0
18811,4,10,27.085,Premium,1
21092,4,16,58.517,Comfort,0
21132,4,23,62.167,Economy,0
21529,3,15,27.101,Premium,1
21743,1,12,12.366,Premium,1
22200,3,10,50.275,Comfort,0
22970,2,22,14.651,Economy,1
23811,2,8,9.641,Delivery,1
24413,3,8,18.068,Premium,1
24730,7,23,12.238,Delivery,1
24772,7,21,1.781,Economy,1
24847,3,3,57.215,Comfort,1
26283,3,4,24.151,Delivery,1
26390,6,11,5.636,Comfort,1
26689,5,23,49.657,Comfort,0
27235,1,16,5.973,Economy,0
27291,3,17,43.035,Delivery,1
27584,5,3,30.567,Comfort,0
27681,4,5,59.832,Economy,1
27898,5,10,36.155,Economy,1
28453,4,22,14.334,Premium,1
28866,3,7,34.111,Economy,1
29700,1,17,33.918,Premium,0
30252,7,23,18.395,Comfort,1
30697,7,23,38.817,Economy,0
30893,1,3,15.668,Delivery,0
31927,5,12,39.980,Delivery,0
32708,3,16,46.915,Comfort,0
33310,4,16,42.697,Premium,1
33409,7,5,14.755,Comfort,0
33756,2,8,26.784,Comfort,0
34996,7,16,13.034,Premium,1
35042,7,14,29.484,Comfort,0
35217,3,8,23.385,Premium,1
35289,3,16,0.174,Economy,1
35842,2,17,3.436,Premium,1
36903,1,20,22.895,Delivery,0
37030,4,11,9.093,Delivery,1
37186,2,21,5.041,Economy,1
37196,7,16,7.900,Comfort,0
37400,3,15,45.550,Delivery,0
37826,5,3,36.971,Comfort,1
37828,7,8,20.629,Delivery,1
37978,1,9,42.664,Delivery,1
38035,2,13,18.555,Comfort,0
38936,2,23,49.634,Comfort,1
40234,6,0,46.590,Premium,0
41696,5,16,15.113,Economy,0
41820,5,23,15.059,Economy,0
42606,4,6,6.661,Economy,0
42806,6,13,32.412,Delivery,0
43032,5,10,51.285,Economy,1
43214,2,2,31.912,Comfort,0
43309,6,4,11.074,Premium,1
43487,4,3,12.215,Comfort,1
43654,4,3,0.792,Premium,1
45046,7,4,6.636,Economy,0
45680,5,20,3.964,Economy,1
45797,6,15,28.047,Comfort,0
46161,6,10,46.880,Comfort,0
47052,7,10,24.212,Economy,0
48061,7,12,17.510,Delivery,1
48157,5,12,5.028,Premium,1
48307,1,17,61.198,Economy,0
48421,2,12,18.490,Economy,1
48833,6,9,16.527,Economy,1
48888,7,6,27.233,Comfort,1
49326,4,22,43.409,Premium,1
49660,1,20,14.531,Comfort,0
50184,4,13,6.108,Economy,0
50459,2,10,36.352,Comfort,0
51445,2,20,11.013,Comfort,1
52840,1,4,31.754,Delivery,0
53183,7,15,13.644,Comfort,0
53288,4,14,79.368,Comfort,0
53785,6,4,30.810,Delivery,1
53955,4,8,11.339,Economy,1
54272,2,16,25.749,Comfort,0
54382,6,5,34.660,Economy,1
55005,6,9,26.179,Economy,0
55134,4,3,26.314,Delivery,0
55421,2,23,63.449,Premium,1
55431,1,3,53.011,Economy,0
55712,1,6,33.100,Economy,0
55894,1,14,57.140,Economy,0
57094,2,0,14.388,Comfort,0
57153,6,1,35.179,Economy,1
57293,3,13,27.661,Delivery,0
57942,3,12,42.494,Economy,0
58307,5,14,28.484,Delivery,1
58758,6,6,37.358,Economy,1
58813,4,21,9.987,Premium,1
59363,5,6,40.929,Economy,0
59386,3,23,32.402,Economy,0
59873,3,18,28.010,Economy,0
60745,6,0,10.073,Delivery,1
60851,3,23,37.542,Premium,1
60932,4,23,24.219,Economy,0
61028,1,7,49.427,Comfort,1
61423,6,17,39.064,Comfort,0
61965,3,3,28.846,Comfort,0
62153,4,19,40.358,Delivery,0
62186,5,23,35.671,Comfort,0
62736,2,18,6.013,Delivery,0
62777,4,16,8.716,Economy,0
62976,6,14,1.664,Comfort,1
63152,7,21,12.193,Delivery,1
63712,7,21,40.437,Economy,1
66026,4,17,15.990,Delivery,0
67342,7,21,35.908,Premium,1
67948,4,11,15.681,Comfort,0
68219,6,4,8.216,Delivery,0
68586,2,22,17.743,Economy,0
68734,5,16,0.609,Comfort,1
68743,1,10,28.594,Premium,1
68812,6,19,30.881,Premium,1
69184,2,8,24.009,Delivery,0
69689,2,11,16.995,Delivery,1
71238,2,14,3.429,Economy,1
71636,7,4,17.900,Comfort,0
71927,2,0,18.874,Economy,0
72306,5,21,28.107,Economy,1
72554,4,19,9.020,Economy,0
73185,2,19,30.141,Comfort,0
73892,1,10,48.280,Premium,1
74945,3,7,21.388,Delivery,1
76238,2,5,41.773,Delivery,1
76923,1,13,21.502,Premium,1
77493,7,9,90.517,Economy,0
77619,3,7,5.241,Comfort,1
77827,5,23,3.589,Comfort,0
79348,1,13,54.056,Comfort,0
80236,7,0,5.548,Premium,1
80276,4,19,18.092,Comfort,0
81749,1,13,8.368,Comfort,1
81809,4,12,16.669,Delivery,1
81891,1,18,15.760,Delivery,1
82020,2,11,43.782,Premium,1
82859,2,5,29.744,Economy,0
83322,3,13,6.744,Delivery,1
84240,7,15,36.310,Economy,0
84519,3,3,1.937,Premium,1
84576,1,23,18.062,Comfort,0
84646,2,22,15.188,Delivery,1
84808,7,20,16.288,Delivery,1
85454,4,7,3.842,Comfort,1
85717,1,4,23.397,Economy,0
85830,4,12,9.475,Delivery,1
86584,1,0,18.194,Economy,0
86832,5,5,44.081,Delivery,1
86889,2,23,9.565,Premium,1
87013,4,17,28.627,Economy,1
87287,2,17,1.820,Delivery,1
87838,6,0,72.872,Comfort,1
87986,5,16,6.870,Comfort,0
88569,5,13,38.835,Economy,0
88938,7,3,32.784,Economy,0
89003,5,6,14.972,Premium,1
90011,3,21,21.815,Comfort,1
90019,7,8,46.391,Comfort,1
90770,4,19,28.817,Economy,0
91541,5,22,15.602,Delivery,1
94366,1,9,24.041,Economy,0
94531,6,7,70.933,Premium,1
94772,4,9,66.902,Comfort,0
94794,2,6,57.879,Premium,1
95186,3,7,22.477,Premium,1
95603,1,7,14.225,Delivery,1
97221,5,4,36.779,Delivery,1
98432,3,8,26.155,Delivery,1
98506,5,8,2.764,Economy,1
98675,4,2,85.328,Premium,1
99189,2,23,10.043,Delivery,0
99204,1,23,19.590,Comfort,0
99457,7,18,16.640,Delivery,0
99676,6,23,24.305,Premium,0
99868,1,15,19.601,Delivery,1
100406,6,16,22.926,Premium,1
100864,3,2,54.047,Premium,1
101087,1,11,39.175,Delivery,1
101315,4,4,63.984,Comfort,0
101946,6,18,9.544,Premium,1
102507,7,10,34.490,Comfort,0
102671,1,6,37.678,Economy,0
102863,1,3,34.142,Economy,1
102944,1,17,42.246,Economy,0
103252,3,14,35.341,Comfort,1
103366,4,22,11.901,Delivery,1
103641,2,0,27.843,Delivery,1
103749,5,2,12.947,Delivery,1
103799,1,10,10.271,Delivery,1
103837,6,7,29.536,Economy,1
104184,4,16,18.446,Delivery,1
104282,5,10,21.071,Delivery,0
105277,5,9,15.971,Comfort,1
105367,1,21,19.076,Premium,1
105471,4,12,39.140,Economy,0
105511,4,12,25.856,Delivery,0
106106,3,17,14.956,Comfort,1
106522,7,20,2.272,Premium,1
106549,3,9,50.788,Comfort,1
108219,5,2,37.122,Comfort,1
108965,3,9,20.349,Delivery,0
108967,4,1,11.702,Economy,0
109674,4,3,18.271,Premium,0
109792,1,6,19.819,Delivery,1
110128,7,20,5.613,Premium,1
110454,3,4,6.146,Delivery,0
110633,4,3,27.151,Premium,1
111034,4,19,50.978,Premium,1
111458,6,5,19.410,Premium,1
111907,3,17,29.400,Economy,1
111962,5,2,11.165,Premium,1
112315,6,8,8.911,Premium,1
113323,6,2,24.057,Delivery,0
113652,1,21,20.153,Delivery,1
113919,7,19,31.312,Premium,1
114421,2,11,14.618,Delivery,1
114971,3,21,3.504,Premium,1
115427,3,4,3.186,Economy,1
115586,7,13,8.433,Economy,0
115738,2,21,36.983,Comfort,1
115868,1,11,33.183,Comfort,0
118243,5,9,33.797,Economy,0
118334,7,15,48.608,Premium,1
119015,7,6,27.611,Comfort,0
119034,6,18,11.017,Delivery,1
119327,7,5,19.487,Delivery,0
119427,6,12,21.014,Comfort,1
119640,6,9,57.015,Comfort,1
119782,5,10,36.301,Comfort,0
120179,3,11,54.762,Economy,1
121356,5,16,0.175,Premium,0
121908,6,19,2.485,Delivery,1
122253,7,8,12.971,Delivery,1
122341,4,20,53.151,Premium,1
122450,5,19,40.429,Economy,1
122477,7,22,23.706,Delivery,0
123350,2,7,0.663,Delivery,0
123472,3,2,11.195,Delivery,0
123767,2,14,8.045,Economy,0
124918,4,10,10.746,Premium,1
125218,4,1,54.249,Comfort,1
125950,3,9,31.836,Delivery,1
126212,3,16,41.160,Economy,0
127048,1,7,24.445,Premium,1
128487,2,7,33.831,Economy,0
128559,7,15,27.929,Comfort,0
128662,5,21,10.544,Delivery,0
128684,7,6,26.784,Delivery,0
128920,4,3,20.402,Delivery,0
129067,3,10,42.756,Economy,1
129799,1,10,21.344,Delivery,0
129984,2,13,51.288,Economy,0
130143,6,16,27.067,Comfort,1
130203,6,21,42.496,Comfort,0
130417,2,17,21.488,Premium,1
130674,5,19,58.268,Comfort,0
130979,6,0,23.570,Comfort,1
131035,7,23,6.604,Delivery,1
131111,6,5,45.018,Premium,1
131856,6,5,85.144,Premium,1
132247,3,14,60.637,Comfort,1
132632,1,5,16.342,Delivery,1
132658,6,13,21.508,Economy,0
133562,7,19,54.367,Economy,0
134009,7,23,29.525,Delivery,1
134132,7,6,42.152,Economy,1
134195,4,4,35.369,Economy,1
134924,5,17,21.264,Premium,1
135103,5,12,15.015,Comfort,1
136329,5,10,5.805,Premium,1
137561,5,14,24.105,Delivery,1
137561,5,13,27.106,Delivery,1
137834,5,20,48.036,Economy,1
137869,1,13,55.937,Premium,1
138393,7,20,38.137,Economy,0
139094,6,0,3.497,Premium,0
139634,2,21,26.159,Premium,0
139895,5,22,9.154,Economy,0
139902,7,19,48.078,Economy,1
140200,5,3,18.627,Premium,1
140352,3,5,28.397,Economy,0
140711,3,21,8.185,Economy,1
140834,2,11,21.756,Economy,1
141215,4,1,46.876,Comfort,0
142869,7,18,6.503,Premium,1
143900,4,15,10.236,Delivery,1
144038,7,15,7.226,Premium,0
144373,4,0,10.282,Premium,1
144436,6,0,34.536,Delivery,0
145868,2,9,20.528,Economy,1
147183,6,21,18.413,Delivery,1
147649,2,16,10.985,Premium,1
148032,2,15,70.131,Premium,0
148307,2,13,26.882,Comfort,0
148753,4,7,20.217,Comfort,1
149836,7,20,8.590,Delivery,1
149892,5,16,26.042,Economy,0
150020,2,18,12.308,Delivery,1
150071,4,10,3.127,Premium,1
150477,7,12,43.845,Delivery,0
150572,6,9,44.805,Economy,1
151072,5,23,28.207,Premium,1
151591,6,21,23.058,Comfort,0
152994,4,18,4.251,Premium,1
153260,4,23,21.219,Delivery,1
153434,1,13,35.655,Delivery,1
153498,2,3,7.394,Delivery,0
153870,1,7,87.243,Premium,1
154752,3,13,14.525,Delivery,0
155233,7,0,0.535,Economy,1
155374,6,23,10.515,Delivery,1
155834,6,12,38.335,Comfort,0
156240,7,18,61.554,Premium,1
156296,7,15,22.741,Delivery,1
156308,5,15,49.002,Premium,1
156359,2,10,61.089,Premium,1
156719,7,15,36.075,Economy,0
157142,4,23,23.937,Comfort,1
157173,6,21,42.584,Comfort,0
158311,1,19,14.860,Comfort,0
158383,3,13,59.771,Comfort,1
160398,5,1,55.643,Premium,0
160887,1,7,27.551,Economy,0
161021,1,8,41.334,Economy,1
161325,3,21,37.113,Comfort,0
161689,1,1,7.575,Delivery,1
162009,3,8,4.208,Premium,1
162082,5,12,5.932,Comfort,1
162215,6,15,1.365,Economy,0
162320,4,9,23.797,Comfort,0
162790,3,21,9.337,Delivery,1
163377,1,22,44.165,Premium,1
163668,1,18,3.819,Delivery,1
163723,6,10,16.885,Premium,1
164649,5,8,6.907,Premium,1
165000,7,17,12.881,Economy,1
165159,5,1,31.778,Economy,1
166016,5,4,4.380,Premium,1
166573,6,3,24.029,Delivery,1
167510,6,12,12.615,Delivery,0
168211,1,15,22.251,Economy,1
168383,4,20,21.085,Economy,0
169017,3,3,10.108,Delivery,1
169939,2,4,36.558,Comfort,0
170150,2,19,31.227,Economy,0
170304,4,12,45.971,Comfort,1
170574,1,17,83.566,Premium,1
170922,7,14,19.986,Economy,0
171008,7,10,33.197,Premium,1
171510,7,16,10.571,Economy,1
171687,4,11,114.389,Premium,0
171990,3,4,31.753,Comfort,1
172291,1,8,15.326,Comfort,0
172755,4,12,19.895,Economy,1
174118,6,4,9.922,Economy,0
174325,3,7,12.960,Delivery,1
174624,5,4,13.511,Comfort,0
175717,4,11,45.886,Comfort,1
176014,3,8,16.692,Delivery,1
176437,1,0,18.347,Comfort,0
176944,3,5,6.207,Delivery,1
177410,5,13,12.128,Delivery,0
178224,7,18,14.662,Premium,0
178792,3,20,24.103,Comfort,1
179226,3,13,87.552,Premium,1
179862,4,7,38.019,Economy,0
180162,5,13,36.224,Comfort,1
180648,6,5,3.011,Delivery,0
181079,2,12,15.775,Economy,1
181838,4,5,0.357,Delivery,0
183448,1,18,6.270,Premium,0
183576,3,19,22.369,Premium,0
183685,1,17,24.846,Premium,1
183813,4,0,4.347,Delivery,0
185412,5,3,21.866,Comfort,1
185609,5,20,0.234,Economy,0
186183,1,3,15.150,Delivery,1
186883,6,23,15.244,Economy,0
187718,4,4,32.524,Economy,0
188229,2,19,10.572,Delivery,1
189233,3,7,29.967,Delivery,0
190265,2,0,10.410,Comfort,1
190556,1,5,25.111,Comfort,1
190596,6,17,11.348,Comfort,1
190723,1,20,11.174,Economy,1
190897,5,9,10.088,Premium,1
191123,7,18,25.911,Delivery,1
191612,4,21,0.052,Premium,1
191880,5,13,43.203,Comfort,1
192150,5,15,23.197,Premium,1
192382,3,0,41.403,Economy,1
192455,6,21,100.353,Premium,1
193303,4,9,9.169,Delivery,0
194696,7,14,3.683,Comfort,0
194882,3,21,30.770,Economy,1
195450,4,10,34.163,Premium,0
195819,3,8,33.685,Premium,0
196296,5,5,41.924,Premium,1
197454,2,19,6.668,Economy,1
197938,1,14,16.327,Delivery,1
197953,6,8,22.114,Delivery,1
198262,7,22,7.720,Comfort,0
198956,4,13,39.999,Delivery,1
199403,2,7,4.661,Economy,1
199410,3,15,27.180,Premium,1
199974,4,5,43.573,Comfort,1
200303,1,10,47.530,Economy,1
201327,3,4,28.534,Economy,0
201794,2,11,11.675,Comfort,0
202672,5,0,73.034,Premium,1
202726,4,21,20.168,Delivery,0
202974,5,12,26.766,Delivery,1
203351,2,10,39.749,Comfort,0
203883,4,1,41.225,Comfort,1
204344,6,21,12.931,Delivery,1
204387,2,13,11.560,Delivery,1
204791,4,5,7.643,Premium,1
204860,3,0,25.803,Delivery,1
204860,2,23,14.619,Delivery,0
205071,5,8,5.120,Comfort,0
205330,3,6,16.216,Delivery,0
205378,3,1,18.823,Premium,1
207242,5,1,24.614,Delivery,0
210539,2,4,15.055,Economy,1
210668,7,17,48.304,Premium,1
211038,3,7,16.593,Economy,1
213339,1,6,50.696,Premium,0
213889,6,13,56.363,Comfort,0
214023,6,8,17.178,Premium,1
214299,6,20,19.345,Economy,0
216454,7,8,0.444,Economy,0
217076,3,19,17.214,Economy,0
217902,2,11,22.099,Delivery,1
217976,7,7,32.235,Economy,0
218016,6,16,60.850,Premium,1
218584,1,5,40.106,Economy,1
218884,3,20,34.158,Comfort,1
219210,3,14,47.627,Economy,0
220862,1,21,8.254,Comfort,0
221313,1,15,7.875,Premium,0
222101,6,7,37.912,Comfort,1
222661,3,17,28.343,Delivery,1
222985,4,20,27.276,Premium,1
223777,4,13,36.310,Premium,0
224780,6,17,20.852,Delivery,0
225100,7,20,7.969,Delivery,1
225148,2,18,6.390,Delivery,0
225374,2,21,14.228,Delivery,0
225442,1,12,44.978,Premium,1
225998,7,18,14.489,Economy,0
226212,3,4,26.716,Delivery,0
226319,1,23,25.277,Delivery,1
226751,4,13,27.104,Premium,1
226852,7,18,8.061,Delivery,1
227218,3,0,17.561,Premium,1
227284,7,4,31.500,Economy,1
227804,1,21,5.768,Comfort,1
228646,2,11,22.014,Premium,1
229198,5,23,16.219,Premium,1
229671,2,7,7.880,Delivery,1
230506,4,5,44.631,Premium,0
230547,4,5,15.792,Comfort,1
230633,3,18,55.699,Comfort,1
231322,4,16,28.073,Comfort,0
231791,2,17,13.070,Comfort,1
232258,1,4,60.809,Comfort,1
232990,3,1,14.220,Premium,0
233230,6,9,17.299,Comfort,0
233648,5,13,5.807,Economy,0
233750,6,4,22.297,Comfort,1
233839,4,20,33.209,Comfort,0
234068,2,16,1.002,Delivery,1
234221,4,19,46.903,Premium,1
234733,5,20,16.633,Delivery,1
234733,5,6,15.141,Delivery,0
234899,2,3,3.876,Delivery,1
235919,3,14,3.276,Economy,1
236417,5,20,52.486,Economy,0
237406,7,8,23.985,Comfort,1
238100,4,11,26.389,Economy,1
238317,7,16,20.453,Comfort,1
238491,7,23,8.114,Economy,1
239043,5,22,13.956,Economy,0
239107,2,18,6.904,Delivery,1
239251,4,15,6.943,Economy,0
239434,2,8,2.500,Premium,0
239524,7,16,37.294,Comfort,0
239916,4,13,68.846,Premium,1
240618,4,4,13.643,Premium,1
240835,7,1,16.247,Comfort,0
241380,1,2,31.035,Economy,1
241917,3,2,60.152,Premium,1
242330,5,0,0.144,Comfort,0
242414,6,20,15.180,Premium,1
242445,5,9,2.305,Delivery,1
243224,1,20,43.644,Comfort,1
243560,4,17,42.014,Comfort,0
243759,3,16,12.374,Premium,0
243890,2,8,0.098,Economy,1
245134,3,20,27.907,Comfort,0
246776,1,7,13.517,Economy,0
247677,3,9,85.171,Premium,0
248942,2,16,3.069,Economy,0
249559,4,17,30.379,Economy,1
250737,1,21,48.191,Economy,0
250791,5,16,29.830,Comfort,0
251360,4,11,22.685,Delivery,1
252709,6,20,19.160,Delivery,1
253604,2,14,127.045,Premium,1
253820,2,3,14.049,Delivery,0
255650,4,17,71.090,Premium,1
256141,1,22,28.853,Comfort,1
256907,4,6,36.835,Delivery,0
257367,6,6,27.204,Economy,1
258013,6,11,36.471,Premium,1
258325,3,0,10.363,Premium,1
258618,5,4,45.007,Premium,0
258870,1,14,5.465,Comfort,0
260470,4,23,28.786,Delivery,1
260710,1,23,14.342,Economy,1
260969,6,23,0.424,Economy,0
261039,7,21,13.243,Premium,0
261386,6,5,1.625,Premium,1
262055,7,11,23.649,Delivery,1
262127,7,14,102.526,Premium,1
262400,5,18,41.315,Economy,1
262487,5,1,19.454,Premium,1
262755,3,20,11.646,Delivery,0
262916,6,14,67.644,Comfort,0
264221,2,11,20.064,Economy,0
264286,1,5,4.727,Delivery,1
264406,5,1,57.800,Premium,1
264597,7,2,40.540,Comfort,0
266023,2,7,51.227,Economy,0
266306,1,18,15.040,Delivery,1
266312,6,14,73.527,Economy,0
266312,3,14,23.430,Economy,0
266327,4,4,16.352,Delivery,0
266350,3,11,73.449,Comfort,1
266377,7,12,26.865,Premium,0
266907,5,23,18.519,Economy,1
267593,1,17,45.728,Comfort,0
267628,2,23,25.164,Economy,1
268165,1,17,23.678,Economy,1
268580,2,8,35.515,Comfort,0
268959,6,11,31.949,Comfort,0
270083,1,0,0.827,Delivery,0
270476,3,19,13.570,Delivery,1
270661,6,2,9.815,Premium,0
270933,1,16,12.565,Comfort,0
272434,2,7,29.423,Premium,0
273205,2,2,30.855,Economy,1
273244,6,20,59.166,Premium,1
273321,4,15,5.605,Comfort,1
273919,1,18,37.699,Premium,0
273985,5,7,35.647,Economy,0
273997,6,11,39.553,Comfort,1
274427,2,10,75.593,Premium,1
275251,4,15,4.832,Comfort,0
275841,1,12,6.081,Delivery,0
276202,2,18,17.322,Economy,0
276773,4,19,3.525,Premium,1
277548,7,18,13.289,Premium,1
278852,2,10,13.010,Delivery,0
279015,7,0,64.545,Premium,1
279245,1,11,43.113,Premium,0
279327,2,2,32.516,Delivery,1
280506,6,18,16.298,Delivery,0
280706,5,22,34.759,Economy,1
281905,1,3,17.620,Economy,1
282158,4,13,12.335,Delivery,1
282200,2,1,34.480,Comfort,0
283644,2,18,11.884,Economy,1
283721,2,4,54.244,Premium,1
283903,3,20,14.339,Premium,1
285416,5,12,26.415,Premium,1
286674,1,0,6.952,Economy,0
287117,3,12,0.417,Premium,0
287152,6,8,2.824,Premium,0
287156,4,20,22.856,Premium,1
287375,1,13,16.520,Economy,0
288343,7,10,23.542,Comfort,0
288562,1,12,28.977,Economy,1
288644,7,21,0.893,Delivery,1
288768,4,7,23.684,Delivery,1
289311,1,23,25.484,Comfort,0
289854,6,14,34.370,Economy,0
289911,2,7,1.243,Economy,1
289990,5,0,0.024,Comfort,0
290234,7,7,11.357,Delivery,0
290376,2,1,0.959,Delivery,1
290551,5,10,32.013,Comfort,0
290659,4,12,29.691,Economy,0
291285,6,0,58.860,Comfort,1
291565,6,13,11.532,Premium,1
291738,6,5,27.642,Delivery,1
292096,4,10,29.473,Delivery,1
292283,7,17,59.319,Premium,1
293142,6,11,45.792,Premium,1
293705,6,14,19.715,Comfort,0
293849,6,9,11.627,Economy,1
293933,7,7,5.714,Economy,1
296891,7,12,10.243,Comfort,1
297989,3,19,18.580,Economy,0
298879,5,11,24.412,Delivery,1
299282,3,9,24.864,Delivery,1
299626,5,18,17.125,Economy,1
301953,5,23,11.530,Delivery,1
301969,6,10,37.664,Comfort,1
302142,6,2,34.411,Economy,0
303564,6,14,31.040,Delivery,1
303993,7,21,33.661,Premium,1
304733,7,11,30.619,Economy,0
304764,2,14,31.503,Economy,1
304944,2,1,17.630,Premium,0
305143,3,8,42.896,Premium,1
305798,6,3,3.259,Premium,1
306051,1,21,29.487,Premium,0
306726,6,11,22.541,Premium,0
308695,5,21,22.765,Comfort,0
309061,6,17,23.484,Delivery,1
309483,5,16,55.507,Comfort,1
310447,7,23,29.863,Comfort,1
311155,6,22,17.562,Comfort,1
311168,6,15,19.266,Economy,0
311502,3,10,38.012,Economy,0
311751,4,15,27.037,Delivery,0
311842,7,23,25.415,Delivery,1
312174,6,22,40.847,Comfort,0
312750,1,0,5.739,Delivery,1
313196,5,11,6.817,Economy,0
313355,5,6,41.328,Delivery,1
313456,3,4,25.111,Comfort,0
313588,4,0,6.486,Comfort,0
315404,2,18,60.118,Premium,1
316390,1,22,13.431,Economy,0
317022,4,18,95.513,Premium,0
317512,3,5,33.770,Delivery,1
317950,1,19,16.695,Economy,0
317969,4,4,13.080,Premium,0
318851,4,21,8.647,Delivery,0
319228,6,5,18.971,Delivery,1
320326,6,1,3.152,Comfort,1
320992,3,11,3.156,Economy,0
321288,1,16,61.924,Economy,0
321879,7,13,41.271,Premium,1
322385,3,12,80.596,Comfort,0
322696,6,5,32.284,Comfort,1
322784,6,14,29.905,Economy,0
323057,4,6,4.774,Economy,0
323060,3,14,18.453,Premium,0
323099,7,13,2.635,Comfort,1
323680,5,16,22.208,Delivery,0
326554,6,13,16.848,Economy,1
326629,5,2,5.809,Economy,0
328848,1,10,42.277,Premium,0
329071,1,1,19.053,Comfort,0
329666,2,21,1.884,Delivery,1
330066,5,2,29.477,Comfort,0
330292,2,22,57.846,Premium,1
331946,1,2,37.343,Delivery,1
332123,4,19,43.496,Comfort,1
332613,3,3,6.127,Comfort,0
333053,7,22,58.351,Comfort,1
334103,3,22,22.933,Delivery,1
334184,7,16,15.112,Delivery,1
334962,3,19,31.984,Economy,0
335033,2,13,18.213,Comfort,0
335313,3,12,2.505,Delivery,1
335481,4,6,16.522,Premium,1
335718,6,12,27.390,Premium,0
336264,6,17,53.070,Premium,1
336970,7,19,25.093,Premium,1
337808,2,4,31.165,Economy,0
338502,7,15,28.193,Comfort,1
339824,7,14,43.906,Premium,1
339915,2,3,28.046,Delivery,0
340189,1,1,4.471,Economy,0
340713,2,1,57.794,Economy,0
341217,2,23,26.224,Comfort,0
341947,5,13,66.535,Premium,1
341949,5,19,23.977,Comfort,1
342020,3,13,30.318,Delivery,0
342775,1,19,8.495,Delivery,1
343661,6,3,23.277,Economy,0
344459,5,8,35.569,Economy,0
344681,7,17,21.246,Delivery,0
344769,6,23,12.323,Economy,0
345050,7,16,28.108,Premium,1
345225,7,6,27.003,Economy,1
345472,6,12,23.179,Premium,1
345589,7,0,15.859,Comfort,1
346323,2,9,3.350,Comfort,0
346380,6,18,0.317,Delivery,1
346885,6,2,1.306,Premium,0
346960,3,13,9.433,Delivery,1
347130,5,1,29.899,Comfort,1
347870,7,3,6.329,Delivery,1
347932,1,22,5.178,Economy,0
348287,4,16,16.793,Delivery,0
348709,6,13,15.346,Economy,1
349183,1,13,17.373,Premium,0
349191,7,4,13.083,Delivery,0
349564,5,0,1.693,Delivery,1
349684,3,5,34.818,Economy,1
349935,3,23,41.342,Premium,1
350020,7,20,14.475,Comfort,0
350623,5,16,66.790,Comfort,0
351088,6,5,7.577,Economy,1
352055,4,6,29.055,Delivery,1
352174,4,22,10.330,Economy,0
352256,7,14,1.293,Premium,1
352450,1,13,11.288,Premium,1
353051,5,11,10.083,Comfort,1
353666,5,17,15.517,Delivery,1
353827,4,15,37.388,Comfort,1
354407,4,18,23.543,Economy,1
354450,3,21,10.290,Delivery,0
354450,1,16,17.271,Delivery,1
354497,1,20,7.830,Delivery,0
354497,2,20,18.202,Delivery,0
355019,4,12,40.854,Economy,1
355247,1,7,5.476,Economy,1
355366,7,22,28.391,Comfort,0
355368,2,16,22.871,Economy,1
355422,5,22,19.217,Economy,1
355645,6,15,54.718,Premium,1
356133,5,19,39.118,Comfort,1
357509,5,9,32.363,Delivery,1
358417,3,19,58.106,Comfort,1
360378,3,17,5.542,Premium,1
360424,6,1,24.267,Delivery,1
362467,3,15,0.495,Economy,0
363465,5,4,34.235,Comfort,0
364793,4,10,34.992,Comfort,1
365427,5,16,31.256,Economy,1
365504,1,14,21.775,Economy,0
366049,2,9,29.179,Delivery,1
366644,7,12,50.529,Premium,1
367284,5,21,18.091,Premium,0
367405,6,0,4.729,Premium,1
367639,2,1,38.161,Premium,1
367658,2,2,21.951,Delivery,1
368563,7,15,26.522,Comfort,0
368837,2,18,16.580,Comfort,1
369139,6,13,77.648,Economy,0
369466,4,20,30.563,Premium,1
369601,2,13,28.732,Delivery,0
369730,3,11,16.527,Delivery,0
370068,7,8,30.367,Delivery,0
370068,7,6,28.852,Delivery,0
370492,6,2,25.342,Delivery,0
371041,6,22,43.810,Comfort,0
371474,6,4,30.740,Comfort,0
371510,3,7,66.948,Economy,0
371844,6,6,51.325,Comfort,1
372654,7,0,14.064,Premium,1
373761,1,5,1.131,Delivery,0
374217,5,14,2.818,Delivery,1
374392,1,6,0.915,Delivery,0
374495,2,5,16.730,Premium,1
374581,4,8,51.053,Premium,1
375041,2,0,14.566,Premium,1
375173,5,18,19.949,Economy,0
375680,7,17,47.245,Economy,0
375856,7,7,42.310,Comfort,1
375950,5,22,11.959,Economy,1
376497,6,15,33.289,Comfort,1
376784,3,5,22.492,Delivery,0
376916,6,19,48.227,Delivery,0
377359,7,8,77.916,Premium,1
377402,4,3,29.808,Economy,1
378286,4,18,25.721,Economy,0
378491,7,13,5.553,Comfort,0
379117,2,7,42.907,Comfort,1
379733,4,7,12.616,Premium,0
379860,5,17,3.330,Comfort,1
380067,7,2,9.425,Premium,1
380893,5,7,33.321,Delivery,1
380978,1,20,5.823,Premium,1
381549,2,14,22.614,Economy,1
382026,1,22,21.115,Comfort,1
382081,3,15,62.690,Comfort,1
382125,7,1,17.590,Delivery,0
382356,4,4,6.319,Delivery,1
382956,3,20,1.986,Delivery,1
383419,4,16,18.164,Economy,1
383511,5,10,42.132,Comfort,1
383645,2,2,8.113,Comfort,1
384557,1,4,4.396,Premium,1
384901,5,1,38.253,Economy,0
384995,3,9,22.817,Premium,1
385028,3,3,19.126,Economy,0
385743,7,3,33.566,Premium,1
385793,2,7,12.728,Comfort,0
386244,7,21,2.126,Delivery,1
386565,4,21,27.982,Comfort,1
388318,1,17,16.452,Comfort,0
388458,1,12,1.292,Delivery,1
389927,5,19,30.614,Delivery,0
393313,4,6,23.976,Comfort,0
393595,4,14,21.046,Comfort,1
393760,7,16,12.868,Delivery,0
393828,7,13,28.961,Delivery,0
394870,7,16,37.303,Economy,0
395732,7,11,5.806,Delivery,1
395757,4,23,36.774,Delivery,0
396090,6,19,11.016,Economy,1
397477,4,2,14.241,Premium,1
397581,5,23,32.901,Economy,1
398281,4,6,39.942,Premium,1
398928,7,20,32.416,Premium,1
400498,3,3,6.649,Economy,0
400915,3,7,35.490,Comfort,0
401826,2,7,11.441,Economy,1
401882,4,16,16.594,Delivery,0
402027,6,15,5.392,Premium,1
402235,1,13,8.214,Economy,0
402485,7,5,1.857,Premium,0
402506,4,6,10.211,Delivery,1
402616,3,5,35.020,Economy,1
402641,2,2,53.331,Comfort,0
402889,3,5,1.303,Delivery,1
403526,2,8,30.759,Premium,1
403652,2,8,12.866,Delivery,1
403698,6,5,21.633,Delivery,1
404068,4,23,40.968,Delivery,1
404674,2,23,43.408,Comfort,0
405824,2,16,58.566,Comfort,1
405965,5,5,76.412,Premium,1
406230,6,20,21.727,Economy,1
406724,1,12,0.259,Delivery,0
407215,6,12,66.618,Economy,1
407473,7,21,35.942,Economy,1
407924,4,1,24.458,Economy,0
407927,6,0,75.213,Economy,0
407990,3,6,16.207,Premium,1
408599,7,8,21.250,Economy,0
409553,5,23,17.153,Economy,0
409760,7,20,18.197,Comfort,1
409784,3,10,26.659,Comfort,0
409906,7,13,55.383,Economy,0
410640,4,10,29.762,Delivery,1
411307,4,11,4.901,Delivery,1
411456,1,2,71.483,Premium,1
411983,3,12,21.795,Delivery,1
412519,1,22,22.720,Premium,0
412671,3,6,22.122,Premium,1
413706,4,18,18.212,Comfort,1
413962,1,17,26.113,Premium,0
413962,6,12,88.430,Premium,1
414188,1,13,42.715,Economy,0
414408,6,23,32.771,Comfort,0
414462,1,1,9.364,Delivery,0
414469,7,12,73.687,Comfort,1
414665,2,17,12.020,Delivery,1
414844,7,22,22.457,Comfort,0
414945,3,22,19.229,Premium,1
415690,1,15,7.315,Delivery,0
417079,4,16,29.704,Delivery,1
417603,7,3,62.426,Premium,1
417696,1,7,25.436,Comfort,0
417728,2,12,28.370,Delivery,0
417917,6,14,16.439,Delivery,1
418112,3,20,66.513,Comfort,0
418198,7,0,6.478,Delivery,1
418459,3,8,23.854,Comfort,0
418622,2,18,19.082,Comfort,1
419178,5,19,7.714,Comfort,1
419628,3,8,64.635,Economy,0
419709,1,19,48.326,Comfort,1
420234,6,2,2.255,Premium,1
420481,1,19,20.881,Delivery,1
420621,4,3,40.712,Premium,0
420683,5,18,7.227,Premium,0
420769,6,8,66.503,Economy,0
421888,1,1,2.316,Comfort,1
422204,2,13,18.593,Economy,1
422405,5,19,47.014,Economy,1
422600,2,0,8.388,Delivery,0
422953,5,17,22.637,Delivery,1
423267,4,2,4.880,Delivery,0
423942,4,5,37.798,Delivery,0
424261,6,5,10.803,Economy,0
424772,3,16,2.245,Delivery,1
425069,6,7,22.235,Economy,0
425322,6,0,83.107,Premium,1
425363,3,7,31.681,Economy,0
425635,6,8,6.954,Premium,1
425654,7,11,6.333,Premium,1
426417,6,2,9.239,Comfort,0
426740,1,21,41.238,Economy,1
427610,6,11,36.172,Delivery,0
428085,1,20,0.090,Economy,0
428603,5,8,44.002,Comfort,1
428692,5,1,16.350,Comfort,1
429000,7,21,14.463,Comfort,0
429188,5,23,25.666,Premium,1
429618,1,22,14.378,Delivery,0
430169,3,16,38.663,Premium,1
430919,1,18,16.493,Comfort,1
430927,7,13,20.835,Delivery,1
430932,7,19,15.835,Delivery,0
431020,2,21,48.759,Economy,1
431155,3,5,4.613,Delivery,1
431275,4,8,18.951,Delivery,1
431988,4,1,40.716,Comfort,1
432414,2,12,26.938,Comfort,1
432960,5,14,62.347,Economy,0
433573,6,17,9.796,Premium,1
433615,5,21,1.953,Delivery,1
434641,2,16,7.872,Premium,1
434739,2,18,12.959,Premium,1
435681,6,7,5.030,Comfort,0
437038,5,4,22.050,Delivery,0
437327,3,4,30.801,Premium,1
438247,2,18,18.214,Delivery,1
440340,1,23,5.300,Economy,0
441498,1,11,38.982,Comfort,1
441584,2,17,18.937,Comfort,0
443074,2,19,12.071,Economy,0
443515,2,10,9.278,Economy,1
443930,2,0,63.644,Comfort,0
444177,5,10,29.265,Economy,0
444335,2,6,29.293,Economy,0
445411,7,16,19.899,Delivery,1
445673,6,0,13.552,Premium,0
445704,2,4,3.945,Premium,1
445726,3,13,4.130,Economy,1
445833,3,20,25.897,Delivery,0
445954,2,21,36.447,Economy,0
447984,6,16,42.717,Economy,1
448014,4,0,7.626,Premium,1
448036,6,4,25.387,Comfort,1
448940,1,1,71.746,Comfort,0
448965,5,17,18.830,Delivery,1
449160,2,11,64.746,Premium,1
449258,4,23,3.253,Economy,1
451127,2,10,25.813,Comfort,1
451297,7,22,7.449,Premium,1
451727,6,10,16.799,Comfort,1
452998,6,1,1.931,Delivery,1
453618,2,11,0.109,Economy,1
454085,2,8,24.232,Delivery,1
455560,5,6,44.062,Economy,0
456045,1,12,1.011,Premium,1
456209,2,17,2.165,Economy,0
456396,1,20,7.615,Delivery,1
456422,7,1,29.197,Delivery,1
456487,1,7,53.797,Comfort,1
456528,7,10,27.562,Delivery,1
456678,6,13,12.559,Delivery,0
457972,2,9,42.065,Economy,1
458419,1,1,29.260,Comfort,0
458855,3,10,15.911,Premium,0
458860,2,19,8.991,Premium,1
458930,2,23,39.836,Economy,1
461278,6,22,12.086,Delivery,0
462142,1,12,53.658,Premium,1
462819,5,9,47.120,Comfort,0
462973,5,0,19.983,Economy,0
464237,4,7,7.116,Premium,1
464316,7,14,42.362,Comfort,1
465082,4,0,54.103,Economy,0
465251,3,14,48.283,Premium,0
465254,3,14,13.724,Delivery,1
466208,2,20,43.541,Premium,1
466306,2,13,41.073,Comfort,0
466437,7,2,10.245,Delivery,0
466570,5,14,49.458,Premium,1
466658,6,9,28.266,Premium,1
469139,1,18,23.554,Economy,1
469192,2,14,32.848,Premium,1
469625,1,1,15.676,Economy,1
469673,6,19,53.370,Comfort,1
469723,1,2,65.361,Premium,1
469893,3,14,24.574,Delivery,0
471146,1,17,28.664,Delivery,0
472180,7,8,11.262,Premium,1
472255,3,8,13.691,Premium,1
473098,7,21,13.322,Economy,0
473728,1,16,36.240,Delivery,0
474710,7,11,17.318,Delivery,1
474746,6,4,34.164,Comfort,0
475458,5,1,6.708,Comfort,1
475500,6,16,23.285,Comfort,1
476662,4,0,27.901,Comfort,0
477673,7,8,6.132,Premium,0
477678,7,18,3.346,Comfort,0
478060,5,12,26.735,Economy,1
478554,3,1,44.067,Premium,1
479065,7,13,20.483,Economy,0
479201,2,3,20.717,Delivery,1
479213,5,1,30.728,Comfort,0
479416,5,8,23.894,Economy,0
480656,7,2,42.718,Comfort,0
480986,5,13,6.914,Economy,0
481278,6,19,16.712,Comfort,0
484229,4,0,7.227,Delivery,0
484313,7,11,15.997,Economy,1
484343,5,11,9.170,Premium,1
484964,6,10,22.342,Premium,0
486436,2,8,9.638,Economy,0
486477,5,5,59.227,Comfort,1
487061,2,13,19.019,Delivery,1
487096,6,4,23.204,Comfort,1
487181,1,1,33.785,Economy,0
487567,2,6,33.191,Delivery,1
487789,4,12,36.890,Comfort,0
487934,7,15,21.435,Premium,0
488148,7,23,14.164,Delivery,0
488256,1,20,14.182,Economy,1
488587,4,4,11.630,Economy,0
488696,7,18,12.190,Economy,0
489163,7,20,39.672,Delivery,1
489248,1,22,22.892,Premium,0
489765,3,7,32.446,Comfort,1
489884,2,19,12.727,Delivery,1
490289,2,10,30.075,Premium,1
490311,2,2,19.193,Economy,1
490515,4,22,14.377,Premium,0
490594,3,15,51.756,Comfort,1
491618,1,18,11.457,Delivery,1
492149,7,14,23.691,Delivery,0
492523,6,18,53.328,Economy,1
493219,4,20,74.825,Comfort,1
493388,6,10,34.229,Economy,1
494393,1,16,41.268,Comfort,0
496264,7,7,8.735,Delivery,1
496635,4,8,22.754,Delivery,1
496918,4,23,0.249,Premium,1
497303,4,16,10.382,Premium,0
497732,2,6,12.979,Comfort,1
497883,4,10,60.668,Comfort,0
498080,6,12,4.715,Comfort,1
498124,5,9,16.676,Economy,1
498186,4,7,1.976,Delivery,1
498419,6,17,55.261,Economy,1
498827,2,6,34.335,Comfort,1
498879,1,22,12.141,Delivery,1
499265,1,1,10.616,Delivery,1
501484,7,9,52.400,Comfort,0
501644,6,10,25.501,Comfort,0
502862,6,7,55.618,Premium,1
503056,3,14,35.577,Premium,1
503397,3,4,28.374,Comfort,0
503409,2,2,33.054,Economy,1
503570,4,23,28.084,Comfort,1
503572,5,18,4.113,Economy,1
503766,6,9,33.962,Economy,0
503907,2,13,42.685,Economy,1
504307,2,8,33.278,Premium,1
504443,3,4,32.043,Economy,1
506047,5,1,18.433,Delivery,1
506401,5,1,4.132,Delivery,0
506773,4,5,16.246,Premium,1
506824,1,19,6.960,Delivery,0
507071,6,4,24.000,Economy,1
507360,4,19,22.116,Delivery,1
507841,2,22,40.913,Economy,1
508180,4,10,57.256,Economy,1
508570,1,10,18.907,Premium,1
508715,4,21,12.522,Comfort,0
509735,3,7,17.164,Delivery,1
510032,3,9,40.570,Comfort,0
510456,1,21,14.245,Comfort,0
510744,2,2,40.633,Premium,1
510979,2,19,12.250,Delivery,1
511264,2,22,79.492,Premium,1
511883,7,9,45.222,Comfort,1
512175,1,9,17.547,Premium,1
512337,3,5,10.749,Premium,0
512382,1,4,37.668,Economy,0
512649,7,22,8.565,Premium,1
513360,6,14,47.947,Economy,0
513554,3,3,8.472,Economy,0
513665,4,14,32.636,Delivery,1
514364,5,8,6.133,Comfort,0
514421,6,12,56.033,Premium,1
514637,4,18,2.755,Delivery,1
514846,4,22,21.305,Economy,1
515052,4,9,44.376,Economy,0
515784,1,18,3.990,Delivery,1
516190,2,3,28.328,Comfort,1
516772,4,19,8.116,Delivery,1
517835,1,3,57.269,Premium,1
518099,7,22,17.489,Comfort,0
521911,6,15,0.472,Premium,1
521927,7,4,13.628,Delivery,1
522896,4,13,15.643,Delivery,1
523249,4,19,6.744,Economy,0
523479,7,2,29.459,Delivery,1
523526,7,6,19.181,Delivery,1
523661,5,4,2.502,Delivery,1
523907,5,13,14.817,Comfort,0
524918,4,12,58.104,Premium,1
525562,3,19,1.895,Delivery,0
525643,3,17,10.742,Economy,1
526022,7,23,36.426,Economy,1
526139,1,16,41.592,Economy,0
526391,6,9,12.737,Delivery,1
528792,3,6,22.554,Economy,0
530469,7,16,21.598,Economy,1
530745,3,5,17.718,Economy,1
531452,7,14,25.959,Delivery,1
532930,5,15,24.730,Comfort,1
533072,3,23,41.673,Comfort,0
533230,3,17,18.147,Comfort,0
533669,5,20,1.238,Delivery,0
533669,4,1,9.381,Delivery,0
533669,5,8,6.627,Delivery,1
535683,1,22,16.833,Premium,1
536246,3,18,3.445,Comfort,1
536366,1,13,55.182,Comfort,0
537053,5,3,41.245,Economy,0
537235,6,12,44.980,Premium,1
537347,6,5,33.550,Premium,1
537364,5,9,67.717,Economy,0
538901,4,5,41.247,Premium,1
538910,1,1,41.367,Premium,1
540611,1,0,15.217,Delivery,1
541951,1,6,6.140,Economy,0
542314,5,15,18.873,Premium,1
542521,3,9,19.854,Economy,0
542627,4,1,29.446,Comfort,1
542847,6,0,27.876,Comfort,0
542891,4,7,10.259,Delivery,0
544379,4,8,66.715,Premium,1
544983,6,13,43.117,Comfort,0
545693,3,0,19.135,Premium,0
545880,2,18,52.511,Economy,1
546455,6,10,24.733,Comfort,1
546802,4,19,31.994,Delivery,1
546907,1,23,28.217,Comfort,0
549348,2,22,32.811,Economy,1
549575,1,18,3.892,Premium,1
550810,2,16,11.990,Comfort,0
551137,6,17,20.061,Comfort,0
551284,4,13,24.712,Economy,0
551321,7,10,33.007,Delivery,1
551331,7,6,14.429,Premium,0
551559,7,21,52.704,Comfort,1
552221,3,23,62.846,Economy,0
552857,6,5,42.742,Premium,1
552879,6,3,32.081,Economy,0
553341,4,3,42.679,Premium,1
554260,7,16,90.751,Premium,1
554296,2,1,26.528,Comfort,0
554445,6,3,24.472,Premium,1
554952,1,19,1.231,Delivery,1
555001,2,14,28.445,Economy,0
555780,4,14,2.272,Premium,1
555853,5,23,24.255,Economy,1
556072,2,9,32.088,Economy,0
556242,1,12,22.742,Comfort,0
556568,7,5,27.532,Delivery,1
557732,5,18,43.409,Delivery,1
558065,2,2,28.692,Economy,1
558118,7,3,39.807,Economy,0
558740,1,16,10.651,Comfort,0
558977,2,7,53.461,Economy,1
559070,1,21,28.696,Economy,0
559257,6,14,12.966,Comfort,0
560386,5,16,23.373,Premium,0
560941,4,4,11.392,Comfort,0
560950,2,8,31.878,Premium,1
561741,2,16,7.986,Delivery,0
561830,7,16,28.766,Premium,0
562344,4,5,60.445,Comfort,1
563820,1,15,53.325,Premium,1
564475,7,3,25.076,Delivery,1
566945,7,22,5.856,Economy,0
567530,7,14,33.497,Delivery,1
567580,2,3,1.962,Economy,0
567638,3,1,22.294,Premium,1
569566,2,10,4.284,Delivery,0
569955,2,15,22.526,Delivery,1
570862,1,2,0.315,Premium,1
571268,3,12,2.059,Premium,0
571630,6,22,13.403,Premium,1
571849,4,4,40.103,Economy,0
571945,3,3,63.724,Comfort,1
572509,7,1,7.710,Premium,0
573074,4,22,7.997,Comfort,0
573293,7,3,19.021,Premium,0
573784,5,10,65.387,Comfort,0
574493,7,5,55.548,Comfort,1
575310,7,4,12.861,Delivery,1
575695,3,22,23.453,Delivery,1
576324,2,8,14.609,Delivery,0
576416,7,5,6.375,Comfort,0
576827,4,9,1.318,Premium,0
577231,5,17,44.962,Delivery,1
577776,3,21,0.422,Comfort,1
577888,2,21,1.483,Economy,1
578782,5,3,6.017,Comfort,0
580437,2,13,12.189,Delivery,1
581010,7,6,27.761,Premium,1
581182,5,14,72.035,Premium,1
582398,3,4,33.294,Delivery,1
582562,1,21,5.595,Delivery,0
582969,4,13,36.286,Comfort,1
583162,3,21,2.550,Economy,0
583212,2,6,49.027,Comfort,1
583272,6,6,28.188,Delivery,1
583364,6,7,9.530,Comfort,0
583589,4,5,18.461,Delivery,1
585113,1,12,34.771,Delivery,0
585393,4,19,38.180,Premium,0
586345,2,1,20.189,Economy,0
587455,5,6,0.890,Delivery,1
587511,2,5,26.320,Delivery,1
587818,6,9,54.593,Economy,0
588093,5,1,60.397,Premium,1
588122,7,1,9.068,Delivery,0
588380,5,23,25.647,Delivery,1
590645,4,20,34.479,Delivery,1
591252,4,7,22.590,Comfort,0
591884,6,11,37.935,Comfort,1
592463,5,1,65.086,Comfort,0
592585,6,22,15.744,Economy,0
592615,1,6,12.377,Economy,1
592766,3,22,61.013,Comfort,0
593742,6,5,11.004,Premium,1
594004,3,14,31.206,Economy,0
594237,2,11,36.383,Comfort,1
594656,6,7,35.643,Premium,1
594666,5,18,81.507,Comfort,1
595544,7,8,50.997,Comfort,1
595797,4,20,30.496,Premium,1
596071,1,16,27.787,Delivery,0
597147,5,8,32.099,Delivery,0
597610,6,16,81.478,Comfort,1
597863,3,8,22.563,Premium,1
598486,1,18,34.105,Premium,1
599746,6,10,9.972,Comfort,1
599814,1,11,34.890,Premium,0
599826,3,0,11.454,Economy,1
601020,2,9,20.408,Economy,1
601484,2,22,30.230,Premium,0
601753,1,4,8.235,Comfort,0
602142,5,9,10.969,Comfort,1
602335,4,22,40.037,Premium,1
602936,2,12,7.844,Economy,0
603185,2,9,5.331,Delivery,0
603792,7,15,40.481,Comfort,0
604247,5,4,11.856,Premium,1
604421,7,19,15.144,Economy,0
605834,4,22,22.058,Delivery,0
607437,3,2,35.470,Economy,1
607795,5,11,49.711,Comfort,0
608281,4,21,14.493,Comfort,1
608325,6,4,37.442,Delivery,0
608386,4,17,70.118,Premium,0
608396,3,1,5.080,Premium,1
608626,6,9,22.658,Comfort,1
609039,6,17,2.275,Comfort,1
609368,2,7,2.263,Delivery,1
609933,2,4,6.751,Delivery,1
610112,7,14,26.635,Premium,1
610666,5,15,55.235,Delivery,1
610829,3,6,4.401,Economy,1
610995,4,18,3.760,Comfort,0
612080,1,0,12.208,Delivery,1
612513,5,18,45.030,Comfort,1
612582,2,16,10.549,Economy,1
613887,5,12,25.045,Economy,1
614003,1,0,76.056,Premium,0
614503,7,16,31.296,Economy,0
614896,7,10,68.193,Comfort,0
615315,4,20,15.315,Premium,1
615858,2,8,1.832,Economy,1
616372,5,7,25.205,Delivery,0
616374,3,1,21.858,Economy,0
616674,5,9,28.465,Economy,1
616867,3,16,28.548,Delivery,1
618267,3,5,8.036,Premium,0
619353,6,20,33.262,Economy,0
619840,2,23,21.490,Comfort,0
620982,4,9,31.736,Comfort,1
622250,6,13,31.355,Comfort,0
622269,6,16,38.273,Comfort,0
623320,3,17,6.342,Economy,0
623718,5,12,19.905,Comfort,1
623886,4,18,27.382,Comfort,1
623941,6,5,35.728,Premium,1
624168,5,0,64.252,Comfort,0
624277,2,9,25.284,Comfort,0
625052,5,1,34.545,Economy,0
625786,4,20,24.979,Premium,1
625943,4,21,14.439,Economy,0
626297,6,4,69.494,Economy,0
626550,7,18,49.913,Premium,1
626856,4,13,49.220,Premium,1
627126,6,2,29.778,Comfort,0
627939,3,16,5.332,Economy,0
628067,1,10,18.389,Delivery,1
628679,6,18,57.140,Comfort,0
628765,7,18,3.193,Delivery,1
629588,6,6,61.163,Premium,0
629735,6,0,10.900,Comfort,1
631086,7,22,22.888,Comfort,1
631781,4,6,27.979,Delivery,1
631875,4,11,4.309,Premium,0
632721,6,10,18.076,Comfort,0
633226,7,8,3.836,Delivery,1
634172,7,16,12.277,Premium,1
634319,6,13,19.519,Premium,1
634567,3,16,5.383,Delivery,1
634878,6,8,30.078,Economy,0
635251,7,4,10.148,Premium,1
635571,2,13,25.977,Economy,1
636565,6,1,8.630,Delivery,1
636778,7,22,62.277,Premium,1
637108,1,8,45.633,Comfort,1
637627,6,4,8.549,Premium,0
637788,3,6,7.850,Comfort,0
638847,7,2,13.489,Economy,0
638924,1,4,18.476,Economy,0
639668,5,23,4.683,Premium,1
639733,7,7,20.968,Economy,0
639770,1,10,22.552,Comfort,1
640344,1,2,7.774,Comfort,1
640446,6,23,22.850,Comfort,1
640481,7,6,61.638,Economy,0
640882,4,13,40.218,Premium,1
641399,1,0,11.988,Delivery,0
641458,6,20,14.650,Delivery,1
641557,3,9,24.941,Economy,0
642139,5,7,12.768,Premium,1
642424,7,13,28.673,Comfort,1
644328,7,0,45.711,Comfort,1
644775,4,4,2.971,Delivery,1
645160,2,7,8.892,Economy,0
645853,7,2,55.393,Comfort,0
646203,7,11,15.361,Comfort,0
647218,1,12,21.611,Comfort,0
647605,6,2,25.371,Delivery,1
648046,3,21,54.204,Comfort,0
648392,1,10,46.246,Economy,0
648774,5,4,33.162,Comfort,1
648992,3,9,11.447,Premium,0
649346,6,15,34.903,Premium,1
649602,6,6,51.635,Comfort,1
649830,4,18,19.621,Premium,1
650205,5,8,9.445,Delivery,1
652242,4,19,42.735,Comfort,0
652313,5,11,25.035,Economy,1
652930,3,23,43.570,Comfort,1
653184,1,21,0.064,Delivery,1
653574,4,2,31.808,Premium,1
654713,4,16,4.937,Delivery,0
654713,3,3,33.022,Delivery,0
654891,5,10,25.464,Economy,0
654950,1,18,22.274,Economy,0
655135,6,18,32.592,Premium,1
655450,5,9,22.235,Delivery,1
656209,4,14,17.067,Delivery,1
656213,3,16,11.600,Delivery,1
656229,6,7,18.479,Delivery,1
658670,2,8,6.091,Delivery,1
659316,5,9,33.751,Comfort,1
659570,1,10,5.330,Premium,1
660907,7,3,31.556,Economy,0
661284,6,20,51.020,Comfort,1
661397,1,13,41.788,Comfort,1
662327,6,17,22.826,Comfort,0
662724,4,3,11.405,Comfort,0
662851,1,19,53.741,Economy,1
663239,6,2,11.870,Premium,1
664833,1,4,35.463,Delivery,0
665277,7,13,5.914,Premium,1
666128,5,9,28.318,Comfort,1
666350,2,17,50.935,Comfort,1
667435,6,15,15.083,Premium,1
668055,5,22,5.120,Economy,0
668672,6,18,33.520,Comfort,1
669157,1,21,41.343,Comfort,0
669847,1,18,0.786,Economy,0
670022,3,11,41.182,Premium,1
670039,3,23,18.940,Comfort,1
670256,7,14,54.063,Premium,1
670439,5,14,35.518,Delivery,1
671123,5,23,1.003,Comfort,1
671409,5,22,27.164,Delivery,1
672144,3,1,17.581,Premium,1
672978,4,22,31.008,Comfort,1
673607,2,7,18.146,Premium,1
674519,4,16,30.600,Premium,1
675246,7,11,4.142,Delivery,1
675682,5,5,12.776,Economy,1
677956,1,3,25.215,Economy,0
679357,1,3,138.950,Premium,0
679510,6,6,9.501,Comfort,0
679608,2,12,6.106,Delivery,1
680085,7,8,27.750,Premium,1
680205,1,9,13.923,Delivery,0
680219,4,2,33.986,Delivery,1
680490,3,22,32.960,Economy,0
680841,6,5,8.942,Delivery,1
681056,5,17,89.498,Premium,1
681727,6,13,23.127,Comfort,1
682665,7,20,8.645,Economy,1
682952,7,3,16.861,Delivery,1
683124,3,11,25.523,Comfort,1
683796,7,16,22.700,Delivery,0
684789,7,21,20.760,Delivery,1
684996,3,0,49.482,Premium,1
685171,1,19,27.097,Delivery,1
686339,2,16,14.793,Delivery,1
686359,1,14,55.874,Premium,1
687447,3,20,36.774,Economy,0
687520,1,20,38.338,Delivery,1
687600,4,20,28.936,Comfort,1
688141,1,8,7.109,Premium,1
689651,2,23,41.287,Comfort,1
689925,6,20,12.123,Delivery,0
690228,6,21,33.280,Delivery,0
690228,5,10,18.310,Delivery,0
691440,4,4,32.735,Economy,0
691570,3,8,8.348,Delivery,0
691658,7,8,2.537,Premium,1
691892,1,4,20.100,Delivery,1
692197,1,16,5.914,Delivery,1
692774,2,3,4.569,Delivery,1
692794,6,11,16.470,Comfort,1
693159,6,16,7.653,Delivery,0
693398,4,5,60.169,Economy,1
694499,6,9,21.527,Delivery,0
696200,2,5,9.139,Comfort,0
696365,1,13,51.010,Premium,1
696726,6,4,48.923,Premium,0
696789,7,2,71.831,Premium,1
697044,2,2,21.366,Comfort,1
697079,5,10,17.354,Delivery,0
697086,3,9,6.940,Economy,1
697198,7,7,17.816,Economy,1
698105,4,4,21.919,Delivery,1
698187,1,5,33.336,Comfort,1
698218,2,11,12.484,Premium,1
698861,4,9,36.687,Comfort,1
698872,3,4,5.469,Economy,1
699013,5,4,72.794,Premium,1
699904,2,8,11.013,Premium,1
701728,5,14,29.217,Delivery,1
701750,5,11,50.828,Comfort,0
704510,6,20,26.792,Delivery,1
704701,6,18,4.488,Premium,1
705108,3,20,6.727,Premium,0
706395,6,7,2.999,Premium,0
707003,2,1,27.826,Comfort,1
708128,2,5,22.666,Delivery,0
709185,5,16,38.839,Comfort,0
709356,1,11,18.837,Delivery,1
709613,6,16,38.959,Economy,0
709722,7,13,2.004,Economy,0
710490,1,18,44.039,Economy,1
711373,5,19,8.345,Delivery,1
711972,4,11,30.692,Comfort,1
713044,2,23,5.042,Delivery,1
713061,4,7,14.049,Economy,1
713113,7,20,10.315,Economy,0
713285,6,21,98.676,Premium,1
713312,2,4,20.791,Economy,0
714269,5,10,35.085,Comfort,0
715285,6,10,19.501,Economy,0
715547,4,14,47.669,Premium,1
715649,4,4,46.127,Comfort,1
715714,5,17,29.687,Comfort,1
715801,2,6,42.365,Premium,1
715811,1,15,31.733,Comfort,0
716090,5,21,16.195,Comfort,0
716756,7,23,21.628,Premium,1
716842,5,13,26.716,Delivery,1
716858,4,7,31.877,Economy,1
718030,2,22,16.186,Economy,0
718204,5,8,20.319,Delivery,0
720374,3,21,15.045,Delivery,0
720468,5,0,44.923,Economy,0
720521,3,2,15.709,Economy,1
721118,4,16,39.353,Economy,0
721985,1,22,34.418,Premium,1
722137,4,19,73.560,Premium,1
722309,2,14,30.315,Economy,0
722913,2,6,39.323,Delivery,1
723471,7,8,43.763,Comfort,0
723841,7,6,3.299,Delivery,1
724302,2,8,21.383,Comfort,0
724392,7,0,3.443,Delivery,1
725207,5,15,26.636,Premium,1
725311,5,7,6.794,Economy,0
725786,7,12,32.038,Premium,0
725860,1,7,18.337,Economy,1
726233,1,5,3.646,Comfort,0
726650,6,22,48.252,Premium,1
727792,3,13,9.931,Economy,1
728054,1,11,0.296,Delivery,1
728152,2,6,23.649,Economy,0
728164,5,8,32.307,Premium,1
728816,3,19,39.220,Economy,0
729043,1,4,50.924,Economy,1
729512,2,15,42.873,Comfort,1
730142,6,3,6.178,Premium,1
731834,5,11,32.440,Premium,1
731913,6,21,45.286,Premium,0
732323,3,21,28.819,Comfort,1
732479,7,14,9.960,Premium,1
732780,2,19,7.010,Delivery,1
733171,1,11,62.809,Economy,0
733812,5,1,13.102,Delivery,1
734289,1,19,5.276,Delivery,1
734767,1,14,2.588,Premium,1
735232,7,19,19.316,Comfort,1
735638,3,20,19.615,Premium,1
735805,2,9,40.107,Economy,0
735884,4,18,19.688,Comfort,1
736496,3,15,76.793,Premium,1
736575,6,2,12.355,Premium,1
737310,7,15,17.261,Comfort,1
738216,7,0,52.980,Economy,1
738416,7,7,29.161,Economy,0
738429,7,5,16.709,Delivery,0
738725,1,22,17.942,Comfort,0
739138,5,22,18.824,Premium,1
739432,6,22,16.097,Economy,0
739739,7,6,56.239,Economy,0
740033,2,4,22.381,Premium,0
740240,4,20,19.051,Comfort,0
740380,2,13,13.323,Economy,1
740433,5,20,42.645,Comfort,0
740437,5,2,41.194,Comfort,0
740613,6,15,49.814,Comfort,0
741376,5,18,1.834,Premium,1
741888,7,20,31.075,Economy,0
742708,4,17,13.848,Comfort,0
742963,5,14,22.239,Comfort,0
743406,7,6,44.358,Premium,1
743672,2,13,13.654,Delivery,1
744089,7,3,13.401,Delivery,1
744471,7,6,22.600,Premium,1
744554,3,20,34.219,Comfort,0
745912,7,11,10.433,Delivery,1
746539,4,5,8.734,Economy,1
746713,7,22,16.467,Premium,1
746879,3,6,18.536,Delivery,1
747749,3,19,12.378,Economy,1
747899,1,12,23.791,Economy,0
748055,3,8,39.876,Comfort,0
748411,1,7,31.817,Delivery,1
748524,1,3,29.856,Delivery,1
748703,6,23,26.857,Delivery,1
749331,4,18,28.045,Premium,1
749547,7,18,13.255,Delivery,1
749625,3,13,23.849,Economy,1
750167,4,16,4.394,Premium,0
750205,1,3,37.440,Premium,1
750477,7,15,11.899,Economy,0
750897,5,6,39.037,Premium,1
751192,1,14,25.137,Economy,0
751212,3,6,35.453,Delivery,0
751530,5,19,38.446,Comfort,1
752159,3,8,37.061,Comfort,0
752337,2,19,44.941,Comfort,0
752534,6,3,0.361,Premium,1
753130,1,23,61.526,Economy,0
753446,4,9,39.094,Delivery,1
753532,1,22,2.086,Premium,0
753543,1,21,61.630,Economy,0
754200,2,10,32.384,Economy,0
754580,2,2,2.488,Premium,1
755209,6,13,28.280,Economy,1
755210,4,6,23.252,Premium,1
755608,3,1,15.513,Premium,1
755980,7,14,47.218,Economy,0
755982,1,23,16.629,Delivery,1
756021,1,8,63.880,Premium,0
756070,2,3,40.261,Premium,1
756147,2,1,78.112,Premium,0
757162,2,10,37.879,Economy,1
757272,7,12,59.263,Premium,1
757795,6,7,74.853,Premium,1
758229,6,12,1.957,Comfort,1
758562,2,18,45.205,Economy,1
758748,1,17,26.825,Delivery,1
759130,1,4,29.125,Delivery,0
759200,3,16,29.406,Premium,1
759511,5,4,18.341,Economy,1
760289,3,15,13.389,Economy,0
761044,3,7,26.371,Premium,1
761483,5,13,8.893,Economy,1
761969,5,1,14.326,Premium,0
762323,3,6,12.697,Economy,0
762355,6,8,41.488,Premium,1
762524,1,6,33.363,Comfort,0
763025,4,23,13.717,Comfort,1
763049,1,7,15.871,Comfort,1
763070,3,23,14.957,Comfort,0
763357,6,15,11.629,Delivery,1
766551,1,22,15.451,Delivery,1
766845,4,19,8.954,Delivery,0
767223,3,6,41.111,Premium,1
767275,1,14,17.306,Delivery,1
767689,4,5,9.087,Premium,0
767767,3,19,83.124,Premium,0
770315,1,2,10.445,Premium,1
770727,7,20,50.765,Premium,1
770834,4,9,27.497,Premium,0
770990,6,20,1.856,Premium,1
771292,5,8,25.513,Delivery,1
772006,4,4,21.996,Economy,0
772188,2,5,22.657,Delivery,1
772527,7,5,58.892,Economy,1
773965,7,7,26.619,Premium,1
774376,6,17,52.530,Economy,1
774652,7,7,18.045,Delivery,0
774829,1,2,16.250,Delivery,0
774829,4,23,20.813,Delivery,1
774831,2,8,23.256,Economy,0
775225,2,3,28.585,Economy,0
775295,1,10,6.516,Comfort,0
775369,4,18,13.404,Economy,0
775835,2,15,28.318,Delivery,1
775843,2,15,9.908,Economy,0
775915,3,8,36.216,Comfort,0
776319,4,20,22.768,Delivery,0
776525,5,7,62.135,Premium,1
777578,3,3,36.954,Comfort,1
777593,5,23,23.863,Delivery,1
777617,7,18,14.610,Economy,0
778358,4,3,42.414,Comfort,1
778914,5,19,25.265,Economy,0
779529,2,4,11.146,Economy,0
779850,7,0,7.145,Premium,1
780186,3,10,66.229,Comfort,1
780434,7,3,53.811,Delivery,1
780674,5,2,50.427,Comfort,0
781133,4,5,20.734,Comfort,0
782032,3,13,8.916,Economy,1
782263,4,2,9.692,Delivery,0
782321,2,0,14.937,Premium,1
782397,2,21,60.220,Comfort,0
782437,1,13,56.193,Premium,1
783775,7,17,1.762,Delivery,1
784228,6,15,10.966,Delivery,0
785086,4,10,37.059,Economy,1
785106,4,22,20.648,Comfort,0
785310,4,20,10.820,Delivery,1
785473,4,9,43.864,Economy,1
785810,3,1,44.708,Comfort,0
785983,1,12,58.460,Economy,1
786077,3,15,65.982,Premium,1
786257,7,19,43.118,Delivery,0
787412,1,7,36.805,Comfort,0
787628,6,0,52.614,Premium,1
788593,1,18,2.600,Comfort,0
788889,1,3,71.424,Premium,1
788901,4,17,30.213,Economy,0
790767,1,5,13.998,Economy,0
791819,3,13,13.445,Delivery,0
792580,1,17,11.696,Delivery,0
792695,3,3,22.830,Economy,1
792776,4,9,32.130,Economy,1
792785,2,10,12.737,Comfort,1
794643,2,13,85.792,Premium,1
795514,6,14,40.541,Premium,1
796337,2,11,43.235,Economy,1
796387,6,0,20.239,Comfort,0
796806,3,20,17.322,Comfort,1
797117,3,16,32.750,Premium,1
797150,6,7,5.463,Premium,1
798476,2,13,18.593,Premium,1
798794,4,8,34.134,Comfort,1
798828,1,8,37.036,Comfort,0
798867,5,14,0.292,Comfort,1
799526,3,8,25.451,Economy,0
800416,4,13,11.436,Premium,1
801025,3,7,3.277,Comfort,1
801233,1,9,16.837,Delivery,0
801270,5,20,24.754,Comfort,0
803805,7,6,8.692,Economy,0
803826,4,8,8.975,Delivery,1
803920,2,0,53.144,Premium,1
804604,4,17,11.356,Economy,1
805930,1,1,32.223,Premium,1
806152,7,2,2.785,Premium,1
806873,1,21,38.682,Comfort,1
808810,1,15,18.622,Delivery,1
808904,2,23,14.758,Economy,0
809059,6,11,4.250,Economy,1
809379,7,16,12.971,Delivery,0
809917,4,21,3.843,Premium,1
810868,2,5,57.353,Premium,0
811072,1,19,32.756,Delivery,0
811267,3,7,4.237,Delivery,1
811552,3,23,18.931,Economy,0
811652,1,3,2.411,Premium,0
812309,2,13,18.055,Delivery,1
812362,6,3,3.016,Comfort,1
812879,1,21,72.289,Comfort,0
813484,6,5,60.506,Economy,1
813532,3,17,23.606,Delivery,1
813584,2,21,27.783,Delivery,1
813975,4,1,9.123,Premium,1
814413,4,1,11.877,Premium,1
814491,6,0,14.937,Premium,0
814620,2,15,32.926,Premium,1
815282,3,2,20.181,Economy,1
815580,7,6,57.534,Premium,1
815886,3,15,10.267,Premium,1
815946,3,20,33.752,Comfort,1
815981,5,1,45.309,Comfort,1
816809,5,11,34.781,Comfort,1
817287,1,1,36.643,Comfort,0
817368,7,3,4.442,Premium,1
817995,1,10,20.623,Economy,0
818711,5,18,31.727,Delivery,1
818987,6,1,14.967,Economy,0
819290,1,16,5.863,Premium,1
819548,3,11,2.684,Delivery,0
819838,4,3,12.584,Comfort,1
819848,5,7,18.375,Economy,0
820006,6,17,13.027,Economy,0
820181,7,17,21.165,Comfort,1
820339,7,15,54.069,Economy,0
820801,1,3,24.676,Premium,1
820959,5,2,2.541,Comfort,1
821693,3,4,26.613,Economy,0
821875,6,19,19.773,Delivery,0
822757,3,21,12.191,Economy,1
823415,7,11,45.875,Comfort,1
824091,6,15,5.941,Delivery,1
824236,7,23,0.795,Delivery,1
824946,6,7,28.599,Comfort,0
825068,1,8,22.976,Comfort,0
825246,7,12,42.677,Economy,1
825699,4,8,15.927,Comfort,1
826346,4,3,3.296,Delivery,1
827116,6,9,36.190,Comfort,0
827724,3,17,22.827,Economy,0
829408,2,7,13.463,Economy,0
829490,3,9,101.122,Premium,1
829724,6,1,35.481,Premium,1
829727,3,22,16.908,Economy,0
830557,4,8,10.446,Delivery,0
831082,4,20,40.788,Economy,0
831189,7,16,20.317,Delivery,1
831669,1,1,34.144,Comfort,1
832172,6,7,84.993,Premium,1
832717,7,11,20.495,Economy,1
833119,2,21,16.879,Premium,1
833535,7,19,27.703,Premium,0
833601,4,22,28.051,Delivery,1
834016,3,3,19.135,Delivery,1
834134,6,20,44.773,Comfort,1
834423,4,8,40.870,Comfort,1
835493,7,4,20.349,Premium,1
836051,3,2,58.864,Comfort,0
836795,6,1,45.581,Delivery,1
837101,5,15,11.136,Comfort,1
837222,7,17,27.851,Delivery,1
838313,5,6,49.928,Economy,1
838848,5,5,5.840,Premium,1
839782,1,3,9.219,Delivery,0
839782,5,18,10.051,Delivery,0
839881,6,23,25.467,Comfort,0
840068,6,20,3.444,Premium,1
840193,7,18,24.655,Delivery,0
840981,6,2,20.838,Premium,1
841431,7,16,29.165,Delivery,0
841652,3,4,13.546,Economy,0
842077,4,23,12.628,Premium,1
842245,2,8,10.893,Premium,1
842311,2,11,28.963,Premium,1
842550,5,7,48.500,Economy,0
843009,5,3,36.430,Delivery,0
843760,3,15,23.336,Economy,1
843971,3,19,27.453,Delivery,0
844677,4,17,2.203,Economy,0
844747,4,7,27.020,Economy,1
844810,7,11,64.840,Premium,1
845227,5,8,2.941,Economy,0
845537,2,22,28.053,Economy,0
845907,1,0,12.663,Delivery,1
846336,4,1,39.227,Comfort,0
846953,3,3,6.397,Delivery,1
847749,4,7,24.727,Premium,1
847861,1,2,4.396,Economy,0
848459,4,21,29.096,Premium,1
849063,2,15,2.733,Delivery,1
849317,3,17,8.788,Premium,1
849431,2,20,50.650,Comfort,1
849713,4,19,25.966,Economy,0
850300,1,20,16.332,Comfort,1
850311,5,7,9.126,Delivery,1
851022,4,2,19.963,Delivery,1
851147,2,5,13.418,Economy,0
851287,3,12,7.621,Economy,0
851900,6,8,21.516,Delivery,1
852386,6,4,7.212,Premium,1
852772,4,16,58.144,Premium,1
853342,2,21,13.801,Economy,0
853342,7,20,23.805,Economy,0
854040,1,20,41.051,Comfort,1
855062,5,12,17.497,Comfort,1
855837,1,12,12.294,Delivery,1
855882,4,9,31.762,Economy,0
856034,1,2,16.558,Comfort,1
856282,2,6,24.913,Premium,1
856677,2,9,23.878,Comfort,1
856707,5,20,52.735,Premium,1
857143,3,17,37.858,Economy,0
857471,2,15,5.773,Delivery,1
857484,2,16,15.611,Comfort,0
857491,7,4,8.335,Delivery,1
858585,5,13,6.134,Delivery,1
859276,7,14,15.844,Economy,0
859665,4,17,21.817,Economy,1
859726,1,2,27.934,Comfort,0
860387,2,16,59.775,Comfort,0
860668,5,0,28.100,Comfort,0
860937,3,21,30.022,Premium,1
861338,3,2,15.737,Economy,1
861398,5,21,37.437,Economy,0
862354,5,15,23.921,Delivery,1
862618,5,1,15.521,Delivery,0
862657,5,0,47.784,Delivery,1
862850,4,22,4.047,Delivery,1
862891,6,6,57.118,Premium,1
864219,3,4,13.374,Delivery,0
864421,2,2,20.615,Delivery,1
866255,6,1,44.969,Economy,1
867023,2,2,60.038,Premium,1
867363,2,11,24.112,Premium,1
867788,7,3,17.318,Economy,1
867883,5,20,93.146,Premium,1
868241,3,18,6.659,Delivery,1
868596,1,14,36.698,Delivery,1
868778,5,22,1.341,Comfort,0
868806,4,15,31.401,Comfort,0
868864,5,13,35.395,Comfort,1
869105,7,13,30.099,Economy,0
869220,5,0,4.758,Delivery,1
869596,6,4,27.317,Economy,1
869867,3,5,56.858,Comfort,1
870608,7,15,30.277,Comfort,0
870616,6,23,27.989,Comfort,0
870673,6,2,13.506,Premium,1
871136,3,15,10.078,Premium,1
871297,7,21,14.304,Economy,0
871416,5,12,8.867,Comfort,0
871428,5,4,4.051,Delivery,0
871974,3,22,20.378,Economy,1
873276,5,18,30.067,Comfort,1
873759,6,11,48.851,Economy,0
873912,4,0,45.890,Economy,1
874110,5,8,57.957,Comfort,0
874472,7,7,38.268,Premium,0
874482,3,11,19.035,Comfort,1
874839,1,21,15.023,Delivery,1
874854,1,8,2.832,Comfort,0
874908,7,11,14.669,Delivery,1
875113,1,12,65.625,Premium,1
878342,6,5,48.213,Premium,1
878360,7,20,7.551,Comfort,0
880072,7,0,7.061,Premium,1
880081,3,1,2.157,Delivery,1
881589,5,22,34.907,Premium,1
881801,6,7,31.680,Premium,1
882172,7,0,14.570,Delivery,1
884189,1,15,0.930,Premium,1
884324,7,6,26.021,Comfort,0
885527,7,18,7.027,Economy,0
886222,3,9,60.046,Comfort,0
886408,7,23,49.486,Premium,1
886426,7,21,45.411,Comfort,0
887099,2,20,0.478,Premium,1
887101,5,20,35.151,Premium,1
888250,2,13,34.942,Premium,1
888380,2,6,17.313,Comfort,0
888920,5,3,1.145,Economy,1
890578,3,9,10.287,Economy,1
891155,3,20,32.464,Premium,0
891162,4,4,22.231,Comfort,1
891523,1,12,16.890,Economy,0
892208,6,15,28.130,Comfort,0
892322,3,17,50.646,Premium,1
893443,5,22,28.483,Delivery,0
894373,7,16,45.717,Economy,1
894391,7,17,57.388,Premium,1
895301,4,20,18.645,Economy,1
895455,2,14,28.624,Premium,1
895715,6,13,26.634,Delivery,1
896806,6,20,25.823,Comfort,1
897557,7,14,4.754,Economy,1
897846,2,20,17.675,Comfort,0
898712,5,17,49.612,Economy,1
899111,2,9,25.575,Delivery,1
899144,5,0,21.326,Economy,0
899676,6,10,53.176,Premium,1
899957,4,7,29.446,Economy,0
900001,5,3,23.189,Delivery,1
900545,2,22,13.657,Premium,1
900735,6,8,87.691,Premium,0
901372,6,22,25.408,Comfort,0
901863,3,17,20.117,Economy,1
901872,3,16,40.221,Comfort,1
901941,7,13,28.526,Premium,1
901945,1,9,43.474,Comfort,0
901958,1,1,42.475,Comfort,1
902023,6,14,21.251,Comfort,0
902583,1,7,17.349,Comfort,0
902685,5,17,16.211,Economy,0
902729,4,15,48.601,Comfort,0
902733,4,1,15.740,Premium,1
904329,2,13,2.344,Comfort,1
904435,5,4,45.176,Premium,1
904674,7,10,10.947,Delivery,1
905035,4,13,1.220,Premium,0
905254,4,11,14.164,Economy,1
906505,7,4,3.008,Comfort,1
906700,2,6,51.984,Premium,0
907093,7,10,4.129,Comfort,1
907495,2,5,42.638,Economy,0
907766,7,1,3.904,Delivery,1
909169,2,1,38.586,Economy,0
909342,4,10,14.288,Comfort,1
909391,6,22,52.268,Premium,1
909975,6,12,3.879,Premium,1
910383,2,12,31.729,Comfort,1
910565,7,10,15.515,Delivery,1
910601,3,16,3.506,Economy,1
911788,4,9,25.180,Delivery,0
912074,7,0,65.437,Economy,0
912668,6,6,33.284,Comfort,0
912702,2,19,26.432,Economy,1
913851,7,13,8.293,Economy,1
914181,3,22,38.443,Premium,0
914621,5,13,25.371,Economy,0
914935,5,19,13.201,Economy,0
915070,7,16,23.265,Delivery,1
915359,3,16,20.151,Economy,0
915423,6,22,47.790,Premium,1
916131,2,23,56.873,Comfort,0
916421,5,5,13.005,Comfort,1
916957,5,10,33.785,Premium,0
916993,6,17,53.977,Premium,1
917582,7,0,18.281,Premium,1
917931,6,20,32.839,Comfort,0
917962,1,1,42.714,Economy,0
918581,5,16,8.591,Delivery,1
918656,7,14,30.835,Comfort,1
918683,4,19,20.365,Delivery,0
918737,2,23,14.960,Economy,0
919196,4,19,68.559,Economy,0
